title,price,link,images,store
STG P10 1G/16G BLACK,749,https://www.electroplanet.ma/p2548708-stg-p10-1g-16g-black.html,https://media.electroplanet.ma/pub/media/catalog/product/cache/14e469c4a70431355c88f88fd8855f6e/p/1/p10-black-_1_.jpg,electroplanet
SAMSUNG GALAXY A02 3G 32G BLEU,999,https://www.electroplanet.ma/p2821157-samsung-galaxy-a02-3g-32g-bleu.html,https://media.electroplanet.ma/pub/media/catalog/product/cache/14e469c4a70431355c88f88fd8855f6e/2/8/2821157.jpg,electroplanet
SAMSUNG GALAXY A02 3G 32G GRIS,999,https://www.electroplanet.ma/p2821159-samsung-galaxy-a02-3g-32g-gris.html,https://media.electroplanet.ma/pub/media/catalog/product/cache/14e469c4a70431355c88f88fd8855f6e/2/8/2821159.jpg,electroplanet
SAMSUNG GALAXY A02 3G 32G NOIR,999,https://www.electroplanet.ma/p2821156-samsung-galaxy-a02-3g-32g-noir.html,https://media.electroplanet.ma/pub/media/catalog/product/cache/14e469c4a70431355c88f88fd8855f6e/2/8/2821156_3.jpg,electroplanet
SAMSUNG GALAXY A02 3G 32G ROUGE,999,https://www.electroplanet.ma/p2821158-samsung-galaxy-a02-3g-32g-rouge.html,https://media.electroplanet.ma/pub/media/catalog/product/cache/14e469c4a70431355c88f88fd8855f6e/2/8/2821158.jpg,electroplanet
NOKIA 2.4 BLEU,1150,https://www.electroplanet.ma/p2822757-nokia-2-4-bleu.html,https://media.electroplanet.ma/pub/media/catalog/product/cache/14e469c4a70431355c88f88fd8855f6e/w/o/wolverine_rational_fjord_back_tif.jpg,electroplanet
NOKIA 2.4 GRIS,1150,https://www.electroplanet.ma/p2822755-nokia-2-4-gris.html,https://media.electroplanet.ma/pub/media/catalog/product/cache/14e469c4a70431355c88f88fd8855f6e/w/o/wolverine_rational_charcoal_front_tif.jpg,electroplanet
NOKIA 2.4 VIOLET,1150,https://www.electroplanet.ma/p2822756-nokia-2-4-violet.html,https://media.electroplanet.ma/pub/media/catalog/product/cache/14e469c4a70431355c88f88fd8855f6e/w/o/wolverine_rational_dusk_front_tif.jpg,electroplanet
STG S10 NOIR,1249,https://www.electroplanet.ma/p2543791-stg-s10-noir.html,https://media.electroplanet.ma/pub/media/catalog/product/cache/14e469c4a70431355c88f88fd8855f6e/s/1/s10_pckg_def_black.png,electroplanet
INFINIX HOT9 PLAY 32 GO CYAN,1260,https://www.electroplanet.ma/p2551821-infinix-hot9-play-32-go-cyan.html,https://media.electroplanet.ma/pub/media/catalog/product/cache/14e469c4a70431355c88f88fd8855f6e/2/5/2551817_3_1_1.jpg,electroplanet
INFINIX HOT9 PLAY 32 GO NOIR,1260,https://www.electroplanet.ma/p2551818-infinix-hot9-play-32-go-noir.html,https://media.electroplanet.ma/pub/media/catalog/product/cache/14e469c4a70431355c88f88fd8855f6e/2/5/2551814_4_1.jpg,electroplanet
INFINIX HOT9 PLAY 32 GO VIOLET,1260,https://www.electroplanet.ma/p2551820-infinix-hot9-play-32-go-violet.html,https://media.electroplanet.ma/pub/media/catalog/product/cache/14e469c4a70431355c88f88fd8855f6e/2/5/2551816_3_1.jpg,electroplanet
OPPO A15 32 GO BLEU MYSTERE,1299,https://www.electroplanet.ma/p2803433-oppo-a15-32-go-bleu-mystere.html,https://media.electroplanet.ma/pub/media/catalog/product/cache/14e469c4a70431355c88f88fd8855f6e/a/1/a15-navigation-blue-v2-.jpg,electroplanet
OPPO A15 32 GO NOIR DYNAMIQUE,1299,https://www.electroplanet.ma/p2803432-oppo-a15-32-go-noir-dynamique.html,https://media.electroplanet.ma/pub/media/catalog/product/cache/14e469c4a70431355c88f88fd8855f6e/o/p/oppo-a15-483--.jpg,electroplanet
OPPO A15 3G 32G BLEU MYSTERE,1399,https://www.electroplanet.ma/p2821479-oppo-a15-3g-32g-bleu-mystere.html,https://media.electroplanet.ma/pub/media/catalog/product/cache/14e469c4a70431355c88f88fd8855f6e/a/1/a15-navigation-blue-v2-_1.jpg,electroplanet
OPPO A15 3G 32G NOIR DYNAMIQUE,1399,https://www.electroplanet.ma/p2821469-oppo-a15-3g-32g-noir-dynamique.html,https://media.electroplanet.ma/pub/media/catalog/product/cache/14e469c4a70431355c88f88fd8855f6e/q/s/qs.jpg,electroplanet
SAMSUNG GALAXY A11 BLEU,1490,https://www.electroplanet.ma/p2550080-samsung-galaxy-a11-bleu.html,https://media.electroplanet.ma/pub/media/catalog/product/cache/14e469c4a70431355c88f88fd8855f6e/2/5/2550080.jpg,electroplanet
SAMSUNG GALAXY A11 NOIR,1490,https://www.electroplanet.ma/p2550081-samsung-galaxy-a11-noir.html,https://media.electroplanet.ma/pub/media/catalog/product/cache/14e469c4a70431355c88f88fd8855f6e/2/5/2550081.jpg,electroplanet
INFINIX HOT9 PLAY 64 GO BLEU,1499,https://www.electroplanet.ma/p2551815-infinix-hot9-play-64-go-bleu.html,https://media.electroplanet.ma/pub/media/catalog/product/cache/14e469c4a70431355c88f88fd8855f6e/2/5/2551815_4.jpg,electroplanet
INFINIX HOT9 PLAY 64 GO CYAN,1499,https://www.electroplanet.ma/p2551817-infinix-hot9-play-64-go-cyan.html,https://media.electroplanet.ma/pub/media/catalog/product/cache/14e469c4a70431355c88f88fd8855f6e/2/5/2551817_3_1.jpg,electroplanet
INFINIX HOT9 PLAY 64 GO NOIR,1499,https://www.electroplanet.ma/p2551814-infinix-hot9-play-64-go-noir.html,https://media.electroplanet.ma/pub/media/catalog/product/cache/14e469c4a70431355c88f88fd8855f6e/2/5/2551814_4.jpg,electroplanet
INFINIX HOTE9 PLAY 64 GO VIOLET,1499,https://www.electroplanet.ma/p2551816-infinix-hote9-play-64-go-violet.html,https://media.electroplanet.ma/pub/media/catalog/product/cache/14e469c4a70431355c88f88fd8855f6e/2/5/2551816_3.jpg,electroplanet
INFINIX SMARTPHONE X689B,1569,https://www.electroplanet.ma/p2846535-infinix-smartphone-x689b.html,https://media.electroplanet.ma/pub/media/catalog/product/cache/14e469c4a70431355c88f88fd8855f6e/2/8/2846535_2_.jpg,electroplanet
INFINIX X689B MORANDI GREEN,1569,https://www.electroplanet.ma/p2846536-infinix-x689b-morandi-green.html,https://media.electroplanet.ma/pub/media/catalog/product/cache/14e469c4a70431355c88f88fd8855f6e/2/8/2846536_3_.jpg,electroplanet
INFINIX X689B PURPLE,1569,https://www.electroplanet.ma/p2846537-infinix-x689b-purple.html,https://media.electroplanet.ma/pub/media/catalog/product/cache/14e469c4a70431355c88f88fd8855f6e/2/8/2846537_5_.jpg,electroplanet
NOKIA 3.4 TA-1288 BLUE,1600,https://www.electroplanet.ma/p2822760-nokia-3-4-ta-1288-blue.html,https://media.electroplanet.ma/pub/media/catalog/product/cache/14e469c4a70431355c88f88fd8855f6e/2/8/2822760-1.jpg,electroplanet
XIAOMI REDMI 9T 64 GO BLEU,1650,https://www.electroplanet.ma/p2816255-xiaomi-redmi-9t-64-go-bleu.html,https://media.electroplanet.ma/pub/media/catalog/product/cache/14e469c4a70431355c88f88fd8855f6e/b/l/bleu_4.jpg,electroplanet
XIAOMI REDMI 9T GRIS,1650,https://www.electroplanet.ma/p2816254-xiaomi-redmi-9t-gris.html,https://media.electroplanet.ma/pub/media/catalog/product/cache/14e469c4a70431355c88f88fd8855f6e/x/i/xiaomi-redmi-9t-carbon-gray-1.--.jpg,electroplanet
XIAOMI REDMI 9T ORANGE 64 GO,1650,https://www.electroplanet.ma/p2816257-xiaomi-redmi-9t-orange-64-go.html,https://media.electroplanet.ma/pub/media/catalog/product/cache/14e469c4a70431355c88f88fd8855f6e/r/e/redmi-9t-_1.jpg,electroplanet
XIAOMI REDMI 9T VERT,1650,https://www.electroplanet.ma/p2816256-xiaomi-redmi-9t-vert.html,https://media.electroplanet.ma/pub/media/catalog/product/cache/14e469c4a70431355c88f88fd8855f6e/1/_/1_18_3.jpg,electroplanet
INFINIX NOTE 8I 6G/128G BLEU,1749,https://www.electroplanet.ma/p2816246-infinix-note-8i-6g-128g-bleu.html,https://media.electroplanet.ma/pub/media/catalog/product/cache/14e469c4a70431355c88f88fd8855f6e/n/o/note8i-_-fa-__2.jpg,electroplanet
INFINIX NOTE 8I 6G/128G DIAMOND,1749,https://www.electroplanet.ma/p2816247-infinix-note-8i-6g-128g-diamond.html,https://media.electroplanet.ma/pub/media/catalog/product/cache/14e469c4a70431355c88f88fd8855f6e/n/o/note8i-_-fa-__3.jpg,electroplanet
SAMSUNG GALAXY A12 BLANC,1749,https://www.electroplanet.ma/p2809447-samsung-galaxy-a12-blanc.html,https://media.electroplanet.ma/pub/media/catalog/product/cache/14e469c4a70431355c88f88fd8855f6e/s/m/sm_a125_galaxy_a12_white_.jpg,electroplanet
SAMSUNG GALAXY A12 BLEU,1749,https://www.electroplanet.ma/p2809445-samsung-galaxy-a12-bleu.html,https://media.electroplanet.ma/pub/media/catalog/product/cache/14e469c4a70431355c88f88fd8855f6e/s/m/sm_a125_galaxy_a12_blue_front_l30.jpg,electroplanet
SAMSUNG GALAXY A12 NOIR,1749,https://www.electroplanet.ma/p2809446-samsung-galaxy-a12-noir.html,https://media.electroplanet.ma/pub/media/catalog/product/cache/14e469c4a70431355c88f88fd8855f6e/s/m/sm_a125_galaxy_a12_black_front.jpg,electroplanet
XIAOMI REDMI 9T 128 GO BLEU,1790,https://www.electroplanet.ma/p2816259-xiaomi-redmi-9t-128-go-bleu.html,https://media.electroplanet.ma/pub/media/catalog/product/cache/14e469c4a70431355c88f88fd8855f6e/z/s/zsikq.jpg,electroplanet
XIAOMI REDMI 9T 128 GO GRIS,1790,https://www.electroplanet.ma/p2816258-xiaomi-redmi-9t-128-go-gris.html,https://media.electroplanet.ma/pub/media/catalog/product/cache/14e469c4a70431355c88f88fd8855f6e/s/q/sqdcxqs.jpg,electroplanet
XIAOMI REDMI 9T 128 GO ORANGE,1790,https://www.electroplanet.ma/p2816261-xiaomi-redmi-9t-128-go-orange.html,https://media.electroplanet.ma/pub/media/catalog/product/cache/14e469c4a70431355c88f88fd8855f6e/r/e/redmi-9t-.jpg,electroplanet
XIAOMI REDMI 9T 128 GO VERT,1790,https://www.electroplanet.ma/p2816260-xiaomi-redmi-9t-128-go-vert.html,https://media.electroplanet.ma/pub/media/catalog/product/cache/14e469c4a70431355c88f88fd8855f6e/p/l/plk_pl.jpg,electroplanet
OPPO A15S BLEU MYSTERIEUX,1799,https://www.electroplanet.ma/p2821450-oppo-a15s-bleu-mysterieux.html,https://media.electroplanet.ma/pub/media/catalog/product/cache/14e469c4a70431355c88f88fd8855f6e/a/1/a15_1.jpg,electroplanet
OPPO A15S NOIR DYNAMIQUE,1799,https://www.electroplanet.ma/p2821448-oppo-a15s-noir-dynamique.html,https://media.electroplanet.ma/pub/media/catalog/product/cache/14e469c4a70431355c88f88fd8855f6e/y/o/yogurt__product-images__black__-back_rgb.jpg,electroplanet
OPPO A54 BLEU,1799,https://www.electroplanet.ma/p2832220-oppo-a54-bleu.html,https://media.electroplanet.ma/pub/media/catalog/product/cache/14e469c4a70431355c88f88fd8855f6e/a/5/a54-2-01-min-.jpg,electroplanet
STG X3 BLEU,1979,https://www.electroplanet.ma/p2548711-stg-x3-bleu.html,https://media.electroplanet.ma/pub/media/catalog/product/cache/14e469c4a70431355c88f88fd8855f6e/x/3/x3_ortho_both.jpg,electroplanet
INFINIX NOTE 8 6G/128G DEEPSEA,1999,https://www.electroplanet.ma/p2816250-infinix-note-8-6g-128g-deepsea.html,https://media.electroplanet.ma/pub/media/catalog/product/cache/14e469c4a70431355c88f88fd8855f6e/n/o/note8-_-fa_2.jpg,electroplanet
INFINIX NOTE 8 6G/128G FANTASY,1999,https://www.electroplanet.ma/p2816249-infinix-note-8-6g-128g-fantasy.html,https://media.electroplanet.ma/pub/media/catalog/product/cache/14e469c4a70431355c88f88fd8855f6e/n/o/note8-_-fa_1.jpg,electroplanet
INFINIX NOTE 8 6G/128G SILVER,1999,https://www.electroplanet.ma/p2816248-infinix-note-8-6g-128g-silver.html,https://media.electroplanet.ma/pub/media/catalog/product/cache/14e469c4a70431355c88f88fd8855f6e/n/o/note8-_-fa.jpg,electroplanet
XIAOMI REDMI NOTE10 4G 128G GREEN,1999,https://www.electroplanet.ma/p2824924-xiaomi-redmi-note10.html,https://media.electroplanet.ma/pub/media/catalog/product/cache/14e469c4a70431355c88f88fd8855f6e/2/8/2824924-3.jpg,electroplanet
XIAOMI REDMI NOTE10 4G 128G GRIS,1999,https://www.electroplanet.ma/p2824925-xiaomi-redmi-note10-4g-128g-gris.html,https://media.electroplanet.ma/pub/media/catalog/product/cache/14e469c4a70431355c88f88fd8855f6e/2/8/2824926-282492-2_1.jpg,electroplanet
XIAOMI REDMI NOTE10 4G 128G WHITE,1999,https://www.electroplanet.ma/p2824999-xiaomi-redmi-note10-blanc.html,https://media.electroplanet.ma/pub/media/catalog/product/cache/14e469c4a70431355c88f88fd8855f6e/2/8/2824999-2825000-2.jpg,electroplanet
OPPO A54,2199,https://www.electroplanet.ma/p2841776-oppo-a54.html,https://media.electroplanet.ma/pub/media/catalog/product/cache/14e469c4a70431355c88f88fd8855f6e/2/8/2841776-1.jpg,electroplanet
OPPO A54,2199,https://www.electroplanet.ma/p2841778-oppo-a54.html,https://media.electroplanet.ma/pub/media/catalog/product/cache/14e469c4a70431355c88f88fd8855f6e/2/8/2841778-1.jpg,electroplanet
XIAOMI NOTE10 4GO/128 GO BLEU,2199,https://www.electroplanet.ma/p2842293-xiaomi-note10-4go-128-go-bleu.html,https://media.electroplanet.ma/pub/media/catalog/product/cache/14e469c4a70431355c88f88fd8855f6e/2/8/2842293.jpg,electroplanet
XIAOMI NOTE10 4GO/128 GO GRIS,2199,https://www.electroplanet.ma/p2842294-xiaomi-note10-4go-128-go-gris.html,https://media.electroplanet.ma/pub/media/catalog/product/cache/14e469c4a70431355c88f88fd8855f6e/2/8/2842294.jpg,electroplanet
XIAOMI NOTE10 4GO/128 GO SILVER,2199,https://www.electroplanet.ma/p2842296-xiaomi-note10-4go-128-go-silver.html,https://media.electroplanet.ma/pub/media/catalog/product/cache/14e469c4a70431355c88f88fd8855f6e/2/8/2842296.jpg,electroplanet
XIAOMI NOTE10 4GO/128GO VERT,2199,https://www.electroplanet.ma/p2842295-xiaomi-note10-4go-128go-vert.html,https://media.electroplanet.ma/pub/media/catalog/product/cache/14e469c4a70431355c88f88fd8855f6e/2/8/2842295.jpg,electroplanet
XIAOMI REDMI NOTE 10,2249,https://www.electroplanet.ma/p2824926-xiaomi-redmi-note-10.html,https://media.electroplanet.ma/pub/media/catalog/product/cache/14e469c4a70431355c88f88fd8855f6e/2/8/2824926-282492-2.jpg,electroplanet
XIAOMI REDMI NOTE 10 BLANC,2249,https://www.electroplanet.ma/p2825000-xiaomi-redmi-note-10-blanc.html,https://media.electroplanet.ma/pub/media/catalog/product/cache/14e469c4a70431355c88f88fd8855f6e/2/8/2824999-2825000-2_1.jpg,electroplanet
XIAOMI REDMI NOTE 10 GREEN,2249,https://www.electroplanet.ma/p2824978-xiaomi-redmi-note-10-green.html,https://media.electroplanet.ma/pub/media/catalog/product/cache/14e469c4a70431355c88f88fd8855f6e/2/8/2824924-2824978-3.jpg,electroplanet
XIAOMI NOTE10 6GO/128 GO BLEU,2399,https://www.electroplanet.ma/p2842292-xiaomi-note10-6go-128-go-bleu.html,https://media.electroplanet.ma/pub/media/catalog/product/cache/14e469c4a70431355c88f88fd8855f6e/2/8/2842292.jpg,electroplanet
XIAOMI NOTE10 6GO/128GO GRIS,2399,https://www.electroplanet.ma/p2842289-xiaomi-note10-6go-128go-gris.html,https://media.electroplanet.ma/pub/media/catalog/product/cache/14e469c4a70431355c88f88fd8855f6e/2/8/2842289.jpg,electroplanet
XIAOMI NOTE10 6GO/128 GO SILVER,2399,https://www.electroplanet.ma/p2842291-xiaomi-note10-6go-128-go-silver.html,https://media.electroplanet.ma/pub/media/catalog/product/cache/14e469c4a70431355c88f88fd8855f6e/2/8/2842291.jpg,electroplanet
XIAOMI NOTE10 6GO/128GO VERT,2399,https://www.electroplanet.ma/p2842290-xiaomi-note10-6go-128go-vert.html,https://media.electroplanet.ma/pub/media/catalog/product/cache/14e469c4a70431355c88f88fd8855f6e/2/8/2842290.jpg,electroplanet
XIAOMI NOTE10S 128 GO BLANC,2399,https://www.electroplanet.ma/p2842331-xiaomi-note10s-128-go-blanc.html,https://media.electroplanet.ma/pub/media/catalog/product/cache/14e469c4a70431355c88f88fd8855f6e/2/8/2842331.jpg,electroplanet
XIAOMI NOTE10S BLEU,2399,https://www.electroplanet.ma/p2842332-xiaomi-note10s-bleu.html,https://media.electroplanet.ma/pub/media/catalog/product/cache/14e469c4a70431355c88f88fd8855f6e/2/8/2842332.jpg,electroplanet
XIAOMI NOTE10S GRIS,2399,https://www.electroplanet.ma/p2842334-xiaomi-note10s-gris.html,https://media.electroplanet.ma/pub/media/catalog/product/cache/14e469c4a70431355c88f88fd8855f6e/2/8/2842334.jpg,electroplanet
SAMSUNG A32 6G-128G BLANC,2490,https://www.electroplanet.ma/p2822505-samsung-a32-6g-128g-blanc.html,https://media.electroplanet.ma/pub/media/catalog/product/cache/14e469c4a70431355c88f88fd8855f6e/1/7/17_galaxya32_awesome_white_front-.jpg,electroplanet
SAMSUNG A32 6G-128G BLEU,2490,https://www.electroplanet.ma/p2822503-samsung-a32-6g-128g-bleu.html,https://media.electroplanet.ma/pub/media/catalog/product/cache/14e469c4a70431355c88f88fd8855f6e/2/6/26_galaxya32_awesome_blue_back-.jpg,electroplanet
SAMSUNG A32 6G-128G NOIR,2490,https://www.electroplanet.ma/p2822504-samsung-a32-6g-128g-noir.html,https://media.electroplanet.ma/pub/media/catalog/product/cache/14e469c4a70431355c88f88fd8855f6e/0/9/09_galaxya32_awesome_black_front-.jpg,electroplanet
SAMSUNG A32 6G-128G VIOLET,2490,https://www.electroplanet.ma/p2822502-samsung-a32-6g-128g-violet.html,https://media.electroplanet.ma/pub/media/catalog/product/cache/14e469c4a70431355c88f88fd8855f6e/0/1/01_galaxya32_awesome_violet_front-.jpg,electroplanet
OPPO A52,2499,https://www.electroplanet.ma/p2551986-oppo-a52.html,https://media.electroplanet.ma/pub/media/catalog/product/cache/14e469c4a70431355c88f88fd8855f6e/a/5/a52-3.jpg,electroplanet
XIAOMI NOTE10S BLANC,2599,https://www.electroplanet.ma/p2842336-xiaomi-note10s-blanc.html,https://media.electroplanet.ma/pub/media/catalog/product/cache/14e469c4a70431355c88f88fd8855f6e/2/8/2842336.jpg,electroplanet
XIAOMI NOTE10S BLEU,2599,https://www.electroplanet.ma/p2842346-xiaomi-note10s-bleu.html,https://media.electroplanet.ma/pub/media/catalog/product/cache/14e469c4a70431355c88f88fd8855f6e/2/8/2842346.jpg,electroplanet
XIAOMI NOTE10S GRIS,2599,https://www.electroplanet.ma/p2842350-xiaomi-note10s-gris.html,https://media.electroplanet.ma/pub/media/catalog/product/cache/14e469c4a70431355c88f88fd8855f6e/2/8/2842350.jpg,electroplanet
OPPO A74 BLEU,2699,https://www.electroplanet.ma/p2832200-oppo-a74-bleu.html,https://media.electroplanet.ma/pub/media/catalog/product/cache/14e469c4a70431355c88f88fd8855f6e/b/e/beta__product-images__-midnight-blue__back---_1.jpg,electroplanet
OPPO A94 VIOLET,2999,https://www.electroplanet.ma/p2832209-oppo-a94-violet.html,https://media.electroplanet.ma/pub/media/catalog/product/cache/14e469c4a70431355c88f88fd8855f6e/a/9/a94-2-min.--.jpg,electroplanet
XIAOMI MI11 LITE 6G 128G BLACK,3199,https://www.electroplanet.ma/p2827562-xiaomi-mi11-lite-6g-128g-black.html,https://media.electroplanet.ma/pub/media/catalog/product/cache/14e469c4a70431355c88f88fd8855f6e/k/9/k9a-black-__1.jpg,electroplanet
XIAOMI MI11 LITE 6GO 128 GO BLEU,3199,https://www.electroplanet.ma/p2827563-xiaomi-mi11-lite-6go-128-go-bleu.html,https://media.electroplanet.ma/pub/media/catalog/product/cache/14e469c4a70431355c88f88fd8855f6e/2/8/2827563_1_2827565_4.jpg,electroplanet
XIAOMI POCO X3 PRO 8G 256G BLACK,3199,https://www.electroplanet.ma/p2832310-xiaomi-poco-x3-pro-8g-256g-black.html,https://media.electroplanet.ma/pub/media/catalog/product/cache/14e469c4a70431355c88f88fd8855f6e/j/2/j20s-black-_.jpg,electroplanet
XIAOMI POCO X3 PRO 8G 256G BRONZE,3199,https://www.electroplanet.ma/p2832312-xiaomi-poco-x3-pro-8g-256g-bronze.html,https://media.electroplanet.ma/pub/media/catalog/product/cache/14e469c4a70431355c88f88fd8855f6e/j/2/j20s-gold-_.jpg,electroplanet
XIAOMI MI11 LITE 8G 128G BLACK,3399,https://www.electroplanet.ma/p2827564-xiaomi-mi11-lite-8g-128g-black.html,https://media.electroplanet.ma/pub/media/catalog/product/cache/14e469c4a70431355c88f88fd8855f6e/k/9/k9a-black-__1_1.jpg,electroplanet
XIAOMI MI11 LITE 8G 128G BLEU,3399,https://www.electroplanet.ma/p2827565-xiaomi-mi11-lite-8g-128g-bleu.html,https://media.electroplanet.ma/pub/media/catalog/product/cache/14e469c4a70431355c88f88fd8855f6e/k/9/k9a-_03_.jpg,electroplanet
XIAOMI MI11 LITE 8G 128G PINK,3399,https://www.electroplanet.ma/p2827566-xiaomi-mi11-lite-8g-128g-pink.html,https://media.electroplanet.ma/pub/media/catalog/product/cache/14e469c4a70431355c88f88fd8855f6e/k/9/k9a-pink-_.jpg,electroplanet
XIAOMI POCO X3GT 8GO 128 GO BLANC,3399,https://www.electroplanet.ma/p2870635-xiaomi-poco-x3gt-8go-128-go-blanc.html,https://media.electroplanet.ma/pub/media/catalog/product/cache/14e469c4a70431355c88f88fd8855f6e/k/1/k10a_white______-_1.jpg,electroplanet
XIAOMI POCO X3GT 8 GO 128 GO BLEU,3399,https://www.electroplanet.ma/p2870636-xiaomi-poco-x3gt-8-go-128-go-bleu.html,https://media.electroplanet.ma/pub/media/catalog/product/cache/14e469c4a70431355c88f88fd8855f6e/k/1/k10a_blue__-.jpg,electroplanet
XIAOMI POCO X3GT 8GO 128 GO NOIR,3399,https://www.electroplanet.ma/p2870634-xiaomi-poco-x3gt-8go-128-go-noir.html,https://media.electroplanet.ma/pub/media/catalog/product/cache/14e469c4a70431355c88f88fd8855f6e/k/1/k10a_black__-.jpg,electroplanet
SAMSUNG A52 8G 128G BLANC,3490,https://www.electroplanet.ma/p2822509-samsung-a52-8g-128g-blanc.html,https://media.electroplanet.ma/pub/media/catalog/product/cache/14e469c4a70431355c88f88fd8855f6e/2/8/2822509.jpg,electroplanet
SAMSUNG A52 8G 128G BLEU,3490,https://www.electroplanet.ma/p2822507-samsung-a52-8g-128g-bleu.html,https://media.electroplanet.ma/pub/media/catalog/product/cache/14e469c4a70431355c88f88fd8855f6e/2/8/2822507.jpg,electroplanet
SAMSUNG A52 8G 128G NOIR,3490,https://www.electroplanet.ma/p2822508-samsung-a52-8g-128g-noir.html,https://media.electroplanet.ma/pub/media/catalog/product/cache/14e469c4a70431355c88f88fd8855f6e/2/8/2822508.jpg,electroplanet
SAMSUNG A52 8G 128G VIOLET,3490,https://www.electroplanet.ma/p2822506-samsung-a52-8g-128g-violet.html,https://media.electroplanet.ma/pub/media/catalog/product/cache/14e469c4a70431355c88f88fd8855f6e/2/8/2822506.jpg,electroplanet
XIAOMI POCO X3GT 8 GO 256 GO BLANC,3699,https://www.electroplanet.ma/p2870637-xiaomi-poco-x3gt-8-go-256-go-blanc.html,https://media.electroplanet.ma/pub/media/catalog/product/cache/14e469c4a70431355c88f88fd8855f6e/k/1/k10a_white______-.jpg,electroplanet
XIAOMI POCO X3GT 8 GO 256 GO BLEU,3699,https://www.electroplanet.ma/p2870639-xiaomi-poco-x3gt-8-go-256-go-bleu.html,https://media.electroplanet.ma/pub/media/catalog/product/cache/14e469c4a70431355c88f88fd8855f6e/k/1/k10a_blue__-_1.jpg,electroplanet
XIAOMI POCO X3GT 8 GO 256 GO NOIR,3699,https://www.electroplanet.ma/p2870638-xiaomi-poco-x3gt-8-go-256-go-noir.html,https://media.electroplanet.ma/pub/media/catalog/product/cache/14e469c4a70431355c88f88fd8855f6e/k/1/k10a_black__-_1.jpg,electroplanet
OPPO RENO5 SILVER,3799,https://www.electroplanet.ma/p2821458-oppo-reno5-silver.html,https://media.electroplanet.ma/pub/media/catalog/product/cache/14e469c4a70431355c88f88fd8855f6e/a/t/athena_reno5-4g__product-images__silver__back_10_cmyk_20201106.jpg,electroplanet
OPPO RENO5 STARRY BLACK,3799,https://www.electroplanet.ma/p2821452-oppo-reno5-starry-black.html,https://media.electroplanet.ma/pub/media/catalog/product/cache/14e469c4a70431355c88f88fd8855f6e/a/t/athena_reno5-4g__product-images__black__front_6_cmyk_20201026.jpg,electroplanet
APPLE IPHONE 7 SILVER 32GB,3999,https://www.electroplanet.ma/p1346394-apple-iphone-7-silver-32gb.html,https://media.electroplanet.ma/pub/media/catalog/product/cache/14e469c4a70431355c88f88fd8855f6e/i/p/iphone-7.jpg,electroplanet
OPPO RENO6 Z AURORE,3999,https://www.electroplanet.ma/p2888151-oppo-reno6-z-aurore.html,https://media.electroplanet.ma/pub/media/catalog/product/cache/14e469c4a70431355c88f88fd8855f6e/r/e/reno-6-.jpg,electroplanet
OPPO RENO6 Z NOIR,3999,https://www.electroplanet.ma/p2888134-oppo-reno6-z-noir.html,https://media.electroplanet.ma/pub/media/catalog/product/cache/14e469c4a70431355c88f88fd8855f6e/r/e/reno-6.jpg,electroplanet
XIAOMI F3 BLANC,4399,https://www.electroplanet.ma/p2842280-xiaomi-f3-blanc.html,https://media.electroplanet.ma/pub/media/catalog/product/cache/14e469c4a70431355c88f88fd8855f6e/p/o/poco-f3-blanc.jpg,electroplanet
XIAOMI F3 BLEU,4399,https://www.electroplanet.ma/p2842281-xiaomi-f3-bleu.html,https://media.electroplanet.ma/pub/media/catalog/product/cache/14e469c4a70431355c88f88fd8855f6e/p/o/poco-f3-bleu.jpg,electroplanet
XIAOMI F3 NOIR,4399,https://www.electroplanet.ma/p2842282-xiaomi-f3-noir.html,https://media.electroplanet.ma/pub/media/catalog/product/cache/14e469c4a70431355c88f88fd8855f6e/p/o/poco-f3-noir.jpg,electroplanet
SAMSUNG A72 8G 256G BLANC,4749,https://www.electroplanet.ma/p2822513-samsung-a72-8g-256g-blanc.html,https://media.electroplanet.ma/pub/media/catalog/product/cache/14e469c4a70431355c88f88fd8855f6e/2/8/2822513.jpg,electroplanet
SAMSUNG A72 8G 256G BLEU,4749,https://www.electroplanet.ma/p2822511-samsung-a72-8g-256g-bleu.html,https://media.electroplanet.ma/pub/media/catalog/product/cache/14e469c4a70431355c88f88fd8855f6e/2/8/2822511.jpg,electroplanet
SAMSUNG A72 8G 256G NOIR,4749,https://www.electroplanet.ma/p2822512-samsung-a72-8g-256g-noir.html,https://media.electroplanet.ma/pub/media/catalog/product/cache/14e469c4a70431355c88f88fd8855f6e/2/8/2822512.jpg,electroplanet
SAMSUNG A72 8G 256G VIOLET,4749,https://www.electroplanet.ma/p2822510-samsung-a72-8g-256g-violet.html,https://media.electroplanet.ma/pub/media/catalog/product/cache/14e469c4a70431355c88f88fd8855f6e/2/8/2822510.jpg,electroplanet
XIAOMI MI10T 8G 128G BLACK,4799,https://www.electroplanet.ma/p2585044-xiaomi-mi10t-8g-128g-black.html,https://media.electroplanet.ma/pub/media/catalog/product/cache/14e469c4a70431355c88f88fd8855f6e/m/i/mi10t-black_1_.jpg,electroplanet
XIAOMI MI10T 8G 128G LUNAR SILVER,4799,https://www.electroplanet.ma/p2594212-xiaomi-mi10t-8g-128g-lunar-silver.html,https://media.electroplanet.ma/pub/media/catalog/product/cache/14e469c4a70431355c88f88fd8855f6e/m/i/mi10t-silver_1_.jpg,electroplanet
APPLE IPHONE 7 PLUS 128 GB GOLD,4899,https://www.electroplanet.ma/p2842026-apple-iphone-7-plus-128-gb.html,https://media.electroplanet.ma/pub/media/catalog/product/cache/14e469c4a70431355c88f88fd8855f6e/s/m/smartphone-ios_iphone-7_256-gold_1347736_1.jpg,electroplanet
XIAOMI MI10T SILVER,5399,https://www.electroplanet.ma/p2815942-xiaomi-mi10t-silver.html,https://media.electroplanet.ma/pub/media/catalog/product/cache/14e469c4a70431355c88f88fd8855f6e/x/i/xiaomi_mi_10t_pro_5g_8gb_128gb_02_plata_ad_l.jpg,electroplanet
APPLE IPHONE 8 PLUS 64 GB GOLD,5699,https://www.electroplanet.ma/p2842028-apple-iphone-8-plus-64-gb-g.html,https://media.electroplanet.ma/pub/media/catalog/product/cache/14e469c4a70431355c88f88fd8855f6e/i/p/iphone-_8-plus-_256gb_-gold_1881518_2.jpg,electroplanet
APPLE IPHONE 8 PLUS 64GB SILVER,5699,https://www.electroplanet.ma/p2842029-apple-iphone-8-plus-64gb-si.html,https://media.electroplanet.ma/pub/media/catalog/product/cache/14e469c4a70431355c88f88fd8855f6e/i/p/iphone_-8-plus_-64gb-_silver_1881514_1.jpg,electroplanet
APPLE IPHONE 11 64 GO NOIR,8790,https://www.electroplanet.ma/p2827993-apple-iphone-11-64-go-noir.html,https://media.electroplanet.ma/pub/media/catalog/product/cache/14e469c4a70431355c88f88fd8855f6e/i/p/iphone_11_black_2-up_vertical_us-en_screen.jpg,electroplanet
SAMSUNG GALAXY S21 GRIS,9490,https://www.electroplanet.ma/p2817232-samsung-galaxy-s21-gris.html,https://media.electroplanet.ma/pub/media/catalog/product/cache/14e469c4a70431355c88f88fd8855f6e/s/m/sm-g990_g991_s21_phantom-gray_front_201110.jpg,electroplanet
SAMSUNG GALAXY S21 VIOLET,9490,https://www.electroplanet.ma/p2817233-samsung-galaxy-s21-violet.html,https://media.electroplanet.ma/pub/media/catalog/product/cache/14e469c4a70431355c88f88fd8855f6e/s/m/sm-g990_g991_s21_phantom-violet_front_201110.jpg,electroplanet
APPLE IPHONE 11 128GB BLACK,9590,https://www.electroplanet.ma/p2827999-apple-iphone-11-128gb-black.html,https://media.electroplanet.ma/pub/media/catalog/product/cache/14e469c4a70431355c88f88fd8855f6e/i/p/iphone_11_black_2-up_vertical_us-en_screen_2.jpg,electroplanet
SAMSUNG Z FLIP3 8G 256G BLACK,9990,https://www.electroplanet.ma/p2870708-samsung-z-flip3-8g-256g-black.html,https://media.electroplanet.ma/pub/media/catalog/product/cache/14e469c4a70431355c88f88fd8855f6e/2/8/2870708-2_1.jpg,electroplanet
SAMSUNG Z FLIP3 8G 256G GREAM,9990,https://www.electroplanet.ma/p2870706-samsung-z-flip3-8g-256g-gream.html,https://media.electroplanet.ma/pub/media/catalog/product/cache/14e469c4a70431355c88f88fd8855f6e/2/8/2870706-1.jpg,electroplanet
SAMSUNG Z FLIP3 8G 256G GREEN,9990,https://www.electroplanet.ma/p2870707-samsung-z-flip3-8g-256g-green.html,https://media.electroplanet.ma/pub/media/catalog/product/cache/14e469c4a70431355c88f88fd8855f6e/2/8/2870707-2.jpg,electroplanet
SAMSUNG Z FLIP3 8G 256G LAVENDER,9990,https://www.electroplanet.ma/p2870705-samsung-z-flip3-8g-256g-lavender.html,https://media.electroplanet.ma/pub/media/catalog/product/cache/14e469c4a70431355c88f88fd8855f6e/2/8/2870705-2.jpg,electroplanet
APPLE IPHONE 13 128G BLEU,11249,https://www.electroplanet.ma/p2908604-apple-iphone-13-128g-bleu.html,https://media.electroplanet.ma/pub/media/catalog/product/cache/14e469c4a70431355c88f88fd8855f6e/i/p/iphone_13_blue_pure_back_iphone_13_blue_pure_front_2-up_screen__usen.jpg,electroplanet
APPLE IPHONE 13 128GO MIDNIGHT,11249,https://www.electroplanet.ma/p2908600-apple-iphone-13-128go-midnight.html,https://media.electroplanet.ma/pub/media/catalog/product/cache/14e469c4a70431355c88f88fd8855f6e/i/p/iphone_13_midnight_pure_back_iphone_13_midnight_pure_front_2-up_screen__usen.jpg,electroplanet
APPLE IPHONE 12 64 GO NOIR,11399,https://www.electroplanet.ma/p2828033-apple-iphone-12-64-go-noir.html,https://media.electroplanet.ma/pub/media/catalog/product/cache/14e469c4a70431355c88f88fd8855f6e/i/p/iphone_12_black_pure_front_iphone_12_black_pure_back_2-up_screen__usen_4.jpg,electroplanet
APPLE IPHONE 12 64G WHITE,11399,https://www.electroplanet.ma/p2585064-apple-iphone-12-64g-white.html,https://media.electroplanet.ma/pub/media/catalog/product/cache/14e469c4a70431355c88f88fd8855f6e/i/p/iphone_12_white_pure_front_iphone_12_white_pure_back_2-up_screen__usen_2.jpg,electroplanet
SAMSUNG GALAXY S21+ NOIR,11490,https://www.electroplanet.ma/p2817235-samsung-galaxy-s21-noir.html,https://media.electroplanet.ma/pub/media/catalog/product/cache/14e469c4a70431355c88f88fd8855f6e/2/8/2817235-4.jpg,electroplanet
SAMSUNG GALAXY S21+ VIOLET,11490,https://www.electroplanet.ma/p2817237-samsung-galaxy-s21-violet.html,https://media.electroplanet.ma/pub/media/catalog/product/cache/14e469c4a70431355c88f88fd8855f6e/s/2/s21_violet.jpg,electroplanet
APPLE IPHONE 13 256G BLEU,12790,https://www.electroplanet.ma/p2908609-apple-iphone-13-256g-bleu.html,https://media.electroplanet.ma/pub/media/catalog/product/cache/14e469c4a70431355c88f88fd8855f6e/i/p/iphone_13_blue_pure_back_iphone_13_blue_pure_front_2-up_screen__usen_1.jpg,electroplanet
APPLE IPHONE 13 256G MIDNIGHT,12790,https://www.electroplanet.ma/p2908605-apple-iphone-13-256g-midnight.html,https://media.electroplanet.ma/pub/media/catalog/product/cache/14e469c4a70431355c88f88fd8855f6e/i/p/iphone_13_midnight_pure_back_iphone_13_midnight_pure_front_2-up_screen__usen_1.jpg,electroplanet
SAMSUNG GALAXY S21 ULTRA NOIR,13490,https://www.electroplanet.ma/p2817238-samsung-galaxy-s21-ultra-noir.html,https://media.electroplanet.ma/pub/media/catalog/product/cache/14e469c4a70431355c88f88fd8855f6e/2/8/2817238-2.jpg,electroplanet
SAMSUNG GALAXY S21 ULTRA SILVER,13490,https://www.electroplanet.ma/p2817239-samsung-galaxy-s21-ultra-silver.html,https://media.electroplanet.ma/pub/media/catalog/product/cache/14e469c4a70431355c88f88fd8855f6e/2/8/2817239.jpg,electroplanet
APPLE IPHONE 13 PRO 128G GOLD,14290,https://www.electroplanet.ma/p2908632-apple-iphone-13-pro-128g-gold.html,https://media.electroplanet.ma/pub/media/catalog/product/cache/14e469c4a70431355c88f88fd8855f6e/i/p/iphone_13_pro_gold_pure_back_iphone_13_pro_gold_pure_front_2-up_screen__usen.jpg,electroplanet
APPLE IPHONE 13 PRO 128G GRAPHITE,14290,https://www.electroplanet.ma/p2908630-apple-iphone-13-pro-128g-graphite.html,https://media.electroplanet.ma/pub/media/catalog/product/cache/14e469c4a70431355c88f88fd8855f6e/i/p/iphone_13_pro_graphite_pure_back_iphone_13_pro_graphite_pure_front_2-up_screen__usen.jpg,electroplanet
APPLE IPHONE 13 PRO 128G SIE...,14290,https://www.electroplanet.ma/p2908633-apple-iphone-13-pro-128g-sierra-bleu.html,https://media.electroplanet.ma/pub/media/catalog/product/cache/14e469c4a70431355c88f88fd8855f6e/s/i/sierra_bleu.jpg,electroplanet
APPLE IPHONE 12 PRO 128 GO G...,14299,https://www.electroplanet.ma/p2828059-apple-iphone-12-pro-128-go-graphite.html,https://media.electroplanet.ma/pub/media/catalog/product/cache/14e469c4a70431355c88f88fd8855f6e/i/p/iphone_12_pro_graphite_pure_front_iphone_12_pro_graphite_pure_back_2-up_screen__usen_4.jpg,electroplanet
APPLE IPHONE 12 PRO 128 GO P...,14299,https://www.electroplanet.ma/p2828060-apple-iphone-12-pro-128-go-pacific-bleu.html,https://media.electroplanet.ma/pub/media/catalog/product/cache/14e469c4a70431355c88f88fd8855f6e/i/p/iphone12pro_bleu_1.jpg,electroplanet
APPLE IPHONE 12 PRO 128 GO SILVER,14299,https://www.electroplanet.ma/p2828061-apple-iphone-12-pro-128-go-silver.html,https://media.electroplanet.ma/pub/media/catalog/product/cache/14e469c4a70431355c88f88fd8855f6e/i/p/iphone_12_pro_silver_pure_front_iphone_12_pro_silver_pure_back_2-up_screen__usen_5.jpg,electroplanet
APPLE IPHONE 13 512G BLEU,15490,https://www.electroplanet.ma/p2908614-apple-iphone-13-512g-bleu.html,https://media.electroplanet.ma/pub/media/catalog/product/cache/14e469c4a70431355c88f88fd8855f6e/i/p/iphone_13_blue_pure_back_iphone_13_blue_pure_front_2-up_screen__usen_2.jpg,electroplanet
APPLE IPHONE 13 512G MIDNIGHT,15490,https://www.electroplanet.ma/p2908610-apple-iphone-13-512g-midnight.html,https://media.electroplanet.ma/pub/media/catalog/product/cache/14e469c4a70431355c88f88fd8855f6e/i/p/iphone_13_midnight_pure_back_iphone_13_midnight_pure_front_2-up_screen__usen_2.jpg,electroplanet
APPLE IPHONE 13 PRO MAX 128G...,15490,https://www.electroplanet.ma/p2908646-apple-iphone-13-pro-max-128g-graphite.html,https://media.electroplanet.ma/pub/media/catalog/product/cache/14e469c4a70431355c88f88fd8855f6e/g/r/graphite_3.jpg,electroplanet
APPLE IPHONE 13 PRO MAX 128G...,15490,https://www.electroplanet.ma/p2908647-apple-iphone-13-pro-max-128g-silver.html,https://media.electroplanet.ma/pub/media/catalog/product/cache/14e469c4a70431355c88f88fd8855f6e/s/i/silver_4.jpg,electroplanet
APPLE IPHONE 13 PRO MAX 128G...,15490,https://www.electroplanet.ma/p2908649-apple-iphone-13-pro-max-128g-sierra-bleu.html,https://media.electroplanet.ma/pub/media/catalog/product/cache/14e469c4a70431355c88f88fd8855f6e/s/i/sierra_bleu_4.jpg,electroplanet
APPLE IPHONE 12 PRO MAX 128 ...,15599,https://www.electroplanet.ma/p2828073-apple-iphone-12-pro-max-128-go-graphite.html,https://media.electroplanet.ma/pub/media/catalog/product/cache/14e469c4a70431355c88f88fd8855f6e/1/2/12promax_noir_1.jpg,electroplanet
APPLE IPHONE 12 PRO MAX 128G...,15599,https://www.electroplanet.ma/p2585105-apple-iphone-12-pro-max-128g-silver.html,https://media.electroplanet.ma/pub/media/catalog/product/cache/14e469c4a70431355c88f88fd8855f6e/s/i/silver_1.jpg,electroplanet
APPLE IPHONE 12 PRO MAX 128G...,15599,https://www.electroplanet.ma/p2828074-apple-iphone-12-pro-max-128gb-pacific-blu.html,https://media.electroplanet.ma/pub/media/catalog/product/cache/14e469c4a70431355c88f88fd8855f6e/1/2/12pro_max_bleu.jpg,electroplanet
APPLE IPHONE 13 PRO 256G GRAPHITE,15790,https://www.electroplanet.ma/p2908634-apple-iphone-13-pro-256g-graphite.html,https://media.electroplanet.ma/pub/media/catalog/product/cache/14e469c4a70431355c88f88fd8855f6e/i/p/iphone_13_pro_graphite_pure_back_iphone_13_pro_graphite_pure_front_2-up_screen__usen_1.jpg,electroplanet
APPLE IPHONE 13 PRO 256GO GOLD,15790,https://www.electroplanet.ma/p2908636-apple-iphone-13-pro-256go-gold.html,https://media.electroplanet.ma/pub/media/catalog/product/cache/14e469c4a70431355c88f88fd8855f6e/i/p/iphone_13_pro_gold_pure_back_iphone_13_pro_gold_pure_front_2-up_screen__usen_1.jpg,electroplanet
APPLE IPHONE 13 PRO 256G SIE...,15790,https://www.electroplanet.ma/p2908637-apple-iphone-13-pro-256g-sierra-bleu.html,https://media.electroplanet.ma/pub/media/catalog/product/cache/14e469c4a70431355c88f88fd8855f6e/s/i/sierra_bleu_1.jpg,electroplanet
APPLE IPHONE 13 PRO MAX 256G...,16990,https://www.electroplanet.ma/p2908650-apple-iphone-13-pro-max-256g-graphite.html,https://media.electroplanet.ma/pub/media/catalog/product/cache/14e469c4a70431355c88f88fd8855f6e/g/r/graphite_4.jpg,electroplanet
APPLE IPHONE 13 PRO MAX 256G...,16990,https://www.electroplanet.ma/p2908651-apple-iphone-13-pro-max-256g-silver.html,https://media.electroplanet.ma/pub/media/catalog/product/cache/14e469c4a70431355c88f88fd8855f6e/s/i/silver_5.jpg,electroplanet
APPLE IPHONE 13 PRO MAX 256G...,16990,https://www.electroplanet.ma/p2908653-apple-iphone-13-pro-max-256g-sierra-bleu.html,https://media.electroplanet.ma/pub/media/catalog/product/cache/14e469c4a70431355c88f88fd8855f6e/s/i/sierra_bleu_5.jpg,electroplanet
APPLE IPHONE 13 PRO MAX 256G GOLD,16990,https://www.electroplanet.ma/p2908652-apple-iphone-13-pro-max-256g-gold.html,https://media.electroplanet.ma/pub/media/catalog/product/cache/14e469c4a70431355c88f88fd8855f6e/g/o/gold.jpg,electroplanet
APPLE IPHONE 12 PRO MAX 256G...,16999,https://www.electroplanet.ma/p2828079-apple-iphone-12-pro-max-256go-graphite.html,https://media.electroplanet.ma/pub/media/catalog/product/cache/14e469c4a70431355c88f88fd8855f6e/1/2/12promax_noir.jpg,electroplanet
APPLE IPHONE 12 PRO MAX 256G...,16999,https://www.electroplanet.ma/p2828080-apple-iphone-12-pro-max-256gb-pacific-blu.html,https://media.electroplanet.ma/pub/media/catalog/product/cache/14e469c4a70431355c88f88fd8855f6e/1/2/12pro_max.jpg,electroplanet
APPLE IPHONE 12 PRO MAX 256G...,16999,https://www.electroplanet.ma/p2828081-apple-iphone-12-pro-max-256gb-silver.html,https://media.electroplanet.ma/pub/media/catalog/product/cache/14e469c4a70431355c88f88fd8855f6e/1/2/12pro_max_silver.jpg,electroplanet
SAMSUNG Z FOLD3 12G 256G BLACK,17490,https://www.electroplanet.ma/p2870703-samsung-z-fold3-12g-256g-black.html,https://media.electroplanet.ma/pub/media/catalog/product/cache/14e469c4a70431355c88f88fd8855f6e/2/8/2870703-5.jpg,electroplanet
SAMSUNG Z FOLD3 12G 256G GREEN,17490,https://www.electroplanet.ma/p2870702-samsung-z-fold3-12g-256g-green.html,https://media.electroplanet.ma/pub/media/catalog/product/cache/14e469c4a70431355c88f88fd8855f6e/2/8/2870702-3.jpg,electroplanet
SAMSUNG Z FOLD3 12G 256G SILVER,17490,https://www.electroplanet.ma/p2870704-samsung-z-fold3-12g-256g-silver.html,https://media.electroplanet.ma/pub/media/catalog/product/cache/14e469c4a70431355c88f88fd8855f6e/2/8/2870704-3.jpg,electroplanet
APPLE IPHONE 13 PRO 512G GOLD,18690,https://www.electroplanet.ma/p2908640-apple-iphone-13-pro-512g-gold.html,https://media.electroplanet.ma/pub/media/catalog/product/cache/14e469c4a70431355c88f88fd8855f6e/i/p/iphone_13_pro_gold_pure_back_iphone_13_pro_gold_pure_front_2-up_screen__usen_2.jpg,electroplanet
APPLE IPHONE 13 PRO 512G GRAPHITE,18690,https://www.electroplanet.ma/p2908638-apple-iphone-13-pro-512g-graphite.html,https://media.electroplanet.ma/pub/media/catalog/product/cache/14e469c4a70431355c88f88fd8855f6e/i/p/iphone_13_pro_graphite_pure_back_iphone_13_pro_graphite_pure_front_2-up_screen__usen_2.jpg,electroplanet
APPLE IPHONE 13 PRO 512G SIE...,18690,https://www.electroplanet.ma/p2908641-apple-iphone-13-pro-512g-sierra-bleu.html,https://media.electroplanet.ma/pub/media/catalog/product/cache/14e469c4a70431355c88f88fd8855f6e/s/i/sierra_bleu_2.jpg,electroplanet
APPLE IPHONE 13 PRO MAX 512G...,19890,https://www.electroplanet.ma/p2908654-apple-iphone-13-pro-max-512g-graphite.html,https://media.electroplanet.ma/pub/media/catalog/product/cache/14e469c4a70431355c88f88fd8855f6e/g/r/graphite_5.jpg,electroplanet
APPLE IPHONE 13 PRO MAX 512G...,19890,https://www.electroplanet.ma/p2908655-apple-iphone-13-pro-max-512g-silver.html,https://media.electroplanet.ma/pub/media/catalog/product/cache/14e469c4a70431355c88f88fd8855f6e/s/i/silver_6.jpg,electroplanet
APPLE IPHONE 13 PRO MAX 512G...,19890,https://www.electroplanet.ma/p2908657-apple-iphone-13-pro-max-512g-sierra-bleu.html,https://media.electroplanet.ma/pub/media/catalog/product/cache/14e469c4a70431355c88f88fd8855f6e/s/i/sierra_bleu_6.jpg,electroplanet
APPLE IPHONE 13 PRO MAX 512G GOLD,19890,https://www.electroplanet.ma/p2908656-apple-iphone-13-pro-max-512g-gold.html,https://media.electroplanet.ma/pub/media/catalog/product/cache/14e469c4a70431355c88f88fd8855f6e/g/o/gold_1.jpg,electroplanet
APPLE IPHONE 13 PRO 1TB GOLD,21490,https://www.electroplanet.ma/p2908644-apple-iphone-13-pro-1tb-gold.html,https://media.electroplanet.ma/pub/media/catalog/product/cache/14e469c4a70431355c88f88fd8855f6e/i/p/iphone_13_pro_gold_pure_back_iphone_13_pro_gold_pure_front_2-up_screen__usen_3.jpg,electroplanet
APPLE IPHONE 13 PRO 1TB GRAPHITE,21490,https://www.electroplanet.ma/p2908642-apple-iphone-13-pro-1tb-graphite.html,https://media.electroplanet.ma/pub/media/catalog/product/cache/14e469c4a70431355c88f88fd8855f6e/i/p/iphone_13_pro_graphite_pure_back_iphone_13_pro_graphite_pure_front_2-up_screen__usen_3.jpg,electroplanet
APPLE IPHONE 13 PRO 1TB SIER...,21490,https://www.electroplanet.ma/p2908645-apple-iphone-13-pro-1tb-sierra-blue.html,https://media.electroplanet.ma/pub/media/catalog/product/cache/14e469c4a70431355c88f88fd8855f6e/s/i/sierra_bleu_3.jpg,electroplanet
APPLE IPHONE 13 PRO MAX 1TB ...,22690,https://www.electroplanet.ma/p2908658-apple-iphone-13-pro-max-1tb-graphite.html,https://media.electroplanet.ma/pub/media/catalog/product/cache/14e469c4a70431355c88f88fd8855f6e/g/r/graphite_6.jpg,electroplanet
APPLE IPHONE 13 PRO MAX 1TB ...,22690,https://www.electroplanet.ma/p2908661-apple-iphone-13-pro-max-1tb-sierra-bleu.html,https://media.electroplanet.ma/pub/media/catalog/product/cache/14e469c4a70431355c88f88fd8855f6e/s/i/sierra_bleu_7.jpg,electroplanet
APPLE IPHONE 13 PRO MAX 1TB GOLD,22690,https://www.electroplanet.ma/p2908660-apple-iphone-13-pro-max-1tb-gold.html,https://media.electroplanet.ma/pub/media/catalog/product/cache/14e469c4a70431355c88f88fd8855f6e/g/o/gold_2.jpg,electroplanet
APPLE IPHONE 13 PRO MAX 1TB SILVER,22690,https://www.electroplanet.ma/p2908659-apple-iphone-13-pro-max-1tb-silver.html,https://media.electroplanet.ma/pub/media/catalog/product/cache/14e469c4a70431355c88f88fd8855f6e/s/i/silver_7.jpg,electroplanet
Samsung Galaxy A01 Core Noir,790,https://www.iam.ma/catalogue/mobile/detail-mobile.aspx?fiche=405-samsung-galaxy-a01-core/41,https://www.iam.ma/ImagesMarocTelecom/vitrine-mobile/Samsung%20A01%20core%20Front.jpg,iam
Samsung Galaxy A02,990,https://www.iam.ma/catalogue/mobile/detail-mobile.aspx?fiche=430-samsung-galaxy-a02,https://www.iam.ma/ImagesMarocTelecom/vitrine-mobile/SM_A022_GalaxyA02_Black_Front.jpg,iam
Xiaomi Redmi 9A 32GB Granite Gray,1190,https://www.iam.ma/catalogue/mobile/detail-mobile.aspx?fiche=402-xiaomi-redmi-9a/38,https://www.iam.ma/ImagesMarocTelecom/vitrine-mobile/Xiaomi-Redmi-9A-Front.jpg,iam
Xiaomi Redmi 9A 32GB Green,1190,https://www.iam.ma/catalogue/mobile/detail-mobile.aspx?fiche=402-xiaomi-redmi-9a/4,https://www.iam.ma/ImagesMarocTelecom/vitrine-mobile/Xiaomi-Redmi-9A-Front.jpg,iam
Xiaomi Redmi 9C (3/64G) Blue,1449,https://www.iam.ma/catalogue/mobile/detail-mobile.aspx?fiche=429-xiaomi-redmi-9c/13,https://www.iam.ma/ImagesMarocTelecom/vitrine-mobile/Redmi-9C-Face.jpg,iam
Samsung Galaxy A02S(4/64G) Noir,1490,https://www.iam.ma/catalogue/mobile/detail-mobile.aspx?fiche=424-samsung-galaxy-a02s/20,https://www.iam.ma/ImagesMarocTelecom/vitrine-mobile/SM_A025_NAEU_Galaxy-A02s_Black_Front_RAW.jpg,iam
Samsung Galaxy A12,1749,https://www.iam.ma/catalogue/mobile/detail-mobile.aspx?fiche=425-samsung-galaxy-a12,https://www.iam.ma/ImagesMarocTelecom/vitrine-mobile/SM_A125_Galaxy-A12_White_Front_RAW.jpg,iam
Xiaomi Redmi Note 10,2290,https://www.iam.ma/catalogue/mobile/detail-mobile.aspx?fiche=434-xiaomi-redmi-note-10,https://www.iam.ma/ImagesMarocTelecom/vitrine-mobile/K7A-Green-正面.jpg,iam
Samsung Galaxy A32,2690,https://www.iam.ma/catalogue/mobile/detail-mobile.aspx?fiche=431-samsung-galaxy-a32,https://www.iam.ma/ImagesMarocTelecom/vitrine-mobile/SM_A325_GalaxyA32_Awesome-Black_Front_RAW.jpg,iam
Samsung Galaxy A52,3490,https://www.iam.ma/catalogue/mobile/detail-mobile.aspx?fiche=432-samsung-galaxy-a52,https://www.iam.ma/ImagesMarocTelecom/vitrine-mobile/SM_A526_GalaxyA52-5G_Awesome-Black_Front_RAW.jpg,iam
Samsung Galaxy A72,4790,https://www.iam.ma/catalogue/mobile/detail-mobile.aspx?fiche=433-samsung-galaxy-a72,https://www.iam.ma/ImagesMarocTelecom/vitrine-mobile/SM_A725_GalaxyA72_Awesome-Black_Front2.jpg,iam
ExcluWeb iPhone 12 mini 64G Bleu + AirPods,7790,https://www.iam.ma/catalogue/mobile/detail-mobile.aspx?fiche=449-excluweb-iphone-12-mini-64g-bleu-airpods/103,https://www.iam.ma/ImagesMarocTelecom/vitrine-mobile/iPhone_12_mini_Black_Pure_Front_iPhone_12_mini_Black_Pure_Back_2-up_Screen__USEN-(0D02).jpg,iam
ExcluWeb iPhone 12 mini 64G Noir + AirPods,7790,https://www.iam.ma/catalogue/mobile/detail-mobile.aspx?fiche=448-excluweb-iphone-12-mini-64g-noir-airpods/102,https://www.iam.ma/ImagesMarocTelecom/vitrine-mobile/iPhone_12_mini_Black_Pure_Front_iPhone_12_mini_Black_Pure_Back_2-up_Screen__USEN-(002).jpg,iam
ExcluWeb iPhone 12 mini 128G Blanc + AirPods,8490,https://www.iam.ma/catalogue/mobile/detail-mobile.aspx?fiche=451-excluweb-iphone-12-mini-128g-blanc-airpods/105,https://www.iam.ma/ImagesMarocTelecom/vitrine-mobile/iPhone_12_mini_Black_Pure_Front_iPhone_12_mini_Black_Pure_Back_2-up_Screen__USEN-(0F02).jpg,iam
ExcluWeb iPhone 12 mini 128G Bleu + AirPods,8490,https://www.iam.ma/catalogue/mobile/detail-mobile.aspx?fiche=452-excluweb-iphone-12-mini-128g-bleu-airpods/106,https://www.iam.ma/ImagesMarocTelecom/vitrine-mobile/iPhone_12_mini_Black_Pure_Front_iPhone_12_mini_Black_Pure_Back_2-up_Screen__USEN-(0D02).jpg,iam
ExcluWeb iPhone 12 mini 128G Noir + AirPods,8490,https://www.iam.ma/catalogue/mobile/detail-mobile.aspx?fiche=450-excluweb-iphone-12-mini-128g-noir-airpods/104,https://www.iam.ma/ImagesMarocTelecom/vitrine-mobile/iPhone_12_mini_Black_Pure_Front_iPhone_12_mini_Black_Pure_Back_2-up_Screen__USEN-(002).jpg,iam
Samsung Galaxy S21,9449,https://www.iam.ma/catalogue/mobile/detail-mobile.aspx?fiche=419-samsung-galaxy-s21,https://www.iam.ma/ImagesMarocTelecom/vitrine-mobile/white-s21_Face.png,iam
iPhone 13 128GB Noir Midnight,11149,https://www.iam.ma/catalogue/mobile/detail-mobile.aspx?fiche=441-iphone-13-128go/99,https://www.iam.ma/ImagesMarocTelecom/vitrine-mobile/iPhone13_Black_501-638.png,iam
Samsung Galaxy S21 Plus,11349,https://www.iam.ma/catalogue/mobile/detail-mobile.aspx?fiche=420-samsung-galaxy-s21-plus,https://www.iam.ma/ImagesMarocTelecom/vitrine-mobile/black-plus-S21_Face.png,iam
Samsung Galaxy S21 Ultra,13249,https://www.iam.ma/catalogue/mobile/detail-mobile.aspx?fiche=421-samsung-galaxy-s21-ultra,https://www.iam.ma/ImagesMarocTelecom/vitrine-mobile/black-ultra-S21_Face.png,iam
iPhone 13 Pro 128Go,14190,https://www.iam.ma/catalogue/mobile/detail-mobile.aspx?fiche=443-iphone-13-pro-128go,https://www.iam.ma/ImagesMarocTelecom/vitrine-mobile/iPhone13pro_Gray_501-638.png,iam
iPhone 13 Pro 256GB Sierra Blue,15649,https://www.iam.ma/catalogue/mobile/detail-mobile.aspx?fiche=444-iphone-13-pro-256go/101,https://www.iam.ma/ImagesMarocTelecom/vitrine-mobile/iPhone13pro_Blue_501-638.png,iam
iPhone 13 Pro Max 256GB Sierra Blue,16849,https://www.iam.ma/catalogue/mobile/detail-mobile.aspx?fiche=445-iphone-13-pro-max-256go/100,https://www.iam.ma/ImagesMarocTelecom/vitrine-mobile/iPhone13proMax_Blue_501-638.png,iam
iPhone 13 Pro Max 512Go,19749,https://www.iam.ma/catalogue/mobile/detail-mobile.aspx?fiche=446-iphone-13-pro-max-512go,https://www.iam.ma/ImagesMarocTelecom/vitrine-mobile/iPhone13proMax_Gray_501-638.png,iam
iPhone 13 Pro Max 1To,22490,https://www.iam.ma/catalogue/mobile/detail-mobile.aspx?fiche=447-iphone-13-pro-max-1to,https://www.iam.ma/ImagesMarocTelecom/vitrine-mobile/iPhone13proMax_Gray_501-638.png,iam
STG P10 DARK,649,https://inwi.ma/stg-p10-dark.html,https://inwi.ma/img/324/489/resize/catalog/product/s/t/stg-p10-470.png,inwi
NOKIA C2 DARK,899,https://inwi.ma/nokia-c2-dark.html,https://inwi.ma/img/324/489/resize/catalog/product/n/o/nokia_c2-470.png,inwi
STG H10 DARK,899,https://inwi.ma/stg-h10-dark.html,https://inwi.ma/img/324/489/resize/catalog/product/s/t/stg_h10.png,inwi
SAMSUNG GALAXY A01 CORE,990,https://inwi.ma/samsung-galaxy-a01-core.html,https://inwi.ma/img/324/489/resize/catalog/product/a/0/a01-core-470.png,inwi
NOKIA C3 DARK,999,https://inwi.ma/nokia-c3-dark.html,https://inwi.ma/img/324/489/resize/catalog/product/n/o/nokia-c3.jpg,inwi
NOKIA 2.4 DARK,1259,https://inwi.ma/nokia-2-4-dark.html,https://inwi.ma/img/324/489/resize/catalog/product/n/o/nokia24_2.jpg,inwi
XIAOMI Redmi 9A,1379,https://inwi.ma/xiaomi-redmi-9a.html,https://inwi.ma/img/324/489/resize/catalog/product/r/e/redmi-9a-face.png,inwi
XIAOMI Redmi 9C,1579,https://inwi.ma/xiaomi-redmi-9c.html,https://inwi.ma/img/324/489/resize/catalog/product/r/e/redmi-9c-face.png,inwi
XIAOMI Redmi 9 Dark,1699,https://inwi.ma/xiaomi-redmi-9-dark.html,https://inwi.ma/img/324/489/resize/catalog/product/r/e/redmi-9-face_2_3.png,inwi
SAMSUNG GALAXY A11,1749,https://inwi.ma/samsung_galaxy_a11.html,https://inwi.ma/img/324/489/resize/catalog/product/0/0/002_galaxya11_black_front.jpg,inwi
SAMSUNG GALAXY A21s,2249,https://inwi.ma/samsung_galaxy_a21s.html,https://inwi.ma/img/324/489/resize/catalog/product/g/a/galaxy_as21.png,inwi
XIAOMI Note 9 128Go,2649,https://inwi.ma/xiaomi-note-9-128go.html,https://inwi.ma/img/324/489/resize/catalog/product/r/e/redmi-note-9-face.png,inwi
SAMSUNG GALAXY A31,2749,https://inwi.ma/samsung_galaxy_a31.html,https://inwi.ma/img/324/489/resize/catalog/product/g/a/galaxy-a31_1.jpg,inwi
XIAOMI Note 9S 128GB DARK,2790,https://inwi.ma/xioami%20note%209s%20128gb%20dark.html,https://inwi.ma/img/324/489/resize/catalog/product/r/e/redmi_note_9_bk-470.jpg,inwi
XIAOMI Note 9 Pro 128Go,3249,https://inwi.ma/xiaomi-note-9-pro-128go.html,https://inwi.ma/img/324/489/resize/catalog/product/r/e/redmi-note-9-pro-face.png,inwi
Samsung Galaxy A51,3490,https://inwi.ma/samsung-galaxya51.html,https://inwi.ma/img/324/489/resize/catalog/product/i/m/image1_4.png,inwi
Samsung Galaxy A71,4749,https://inwi.ma/samsung-galaxy-a71.html,https://inwi.ma/img/324/489/resize/catalog/product/i/m/image1.png,inwi
XIAOMI MI 10T DARK,4799,https://inwi.ma/xioami-mi-10t-dark.html,https://inwi.ma/img/324/489/resize/catalog/product/m/i/mi-10t-face.png,inwi
XIAOMI MI 10T Pro DARK,5399,https://inwi.ma/xioami-mi-10t-pro-dark.html,https://inwi.ma/img/324/489/resize/catalog/product/m/i/mi-10t-pro-face.png,inwi
XIAOMI NOTE 10 PRO DARK,6990,https://inwi.ma/xioami%20note%2010%20pro%20dark.html,https://inwi.ma/img/324/489/resize/catalog/product/m/i/mi-note-10-pro-face.png,inwi
SAMSUNG GALAXY S21,9490,https://inwi.ma/samsung-galaxy-s21.html,https://inwi.ma/img/324/489/resize/catalog/product/s/2/s21-470.png,inwi
Galaxy Z Flip 3 5G,9990,https://inwi.ma/samsung-flip.html,https://inwi.ma/img/324/489/resize/catalog/product/s/a/samsung-galaxy-z-flip-frandroid-2020.png,inwi
SAMSUNG Note 20 Dark,9990,https://inwi.ma/samsung-note-20.html,https://inwi.ma/img/324/489/resize/catalog/product/n/o/note_20.jpg,inwi
SAMSUNG GALAXY S20 PLUS DARK,10990,https://inwi.ma/samsung-galaxy-s20-plus-dark.html,https://inwi.ma/img/324/489/resize/catalog/product/s/2/s20-470-b_1.png,inwi
IPHONE 12 Mini 128GB DARK,11018,https://inwi.ma/iphone-12-mini.html,https://inwi.ma/img/324/489/resize/catalog/product/i/p/iphone-12-470_6.jpg,inwi
SAMSUNG GALAXY S21 Plus,11490,https://inwi.ma/samsung-galaxy-s21-plus.html,https://inwi.ma/img/324/489/resize/catalog/product/0/0/001_galaxys21_plus_phantom_black_front.jpg,inwi
IPHONE 12 DARK,11840,https://inwi.ma/iphone-12-dark.html,https://inwi.ma/img/324/489/resize/catalog/product/i/p/iphone-12-470_5.jpg,inwi
SAMSUNG Note 20 Ultra DK,12990,https://inwi.ma/samsung-note-21.html,https://inwi.ma/img/324/489/resize/catalog/product/0/1/016_galaxynote20ultra_mysticblack_front_with_pen.jpg,inwi
SAMSUNG GALAXY S21 Ultra,13490,https://inwi.ma/samsung-galaxy-s21-ultra.html,https://inwi.ma/img/324/489/resize/catalog/product/0/0/001_galaxys21_ultra_phantom_black_front.jpg,inwi
IPHONE 12 PRO DARK -256 GB,16206,https://inwi.ma/iphone-12-pro-dark-256-gb.html,https://inwi.ma/img/324/489/resize/catalog/product/i/p/iphone-12-470_1_2_10.jpg,inwi
Galaxy Z Fold 3,17490,https://inwi.ma/samsung-fold.html,https://inwi.ma/img/324/489/resize/catalog/product/s/a/samsung-galaxy-z-fold-3-frandroid-2021.png,inwi
IPHONE 12 PRO MAX DARK -256 GB,17661,https://inwi.ma/iphone-12-pro-dark-256-gb-1.html,https://inwi.ma/img/324/489/resize/catalog/product/i/p/iphone-12-470_2_1_1.jpg,inwi
Orange Sanza touch 4G Noir,359,https://boutique.orange.ma/fr/sanza-touch-4g.html,https://boutique.orange.ma/media/catalog/product/cache/2765542505660baab28ecd555e27366e/s/a/sanza_touch_-_perspective.png,orange
NOLA FUN Bleu + Carte SIM,499,https://boutique.orange.ma/fr/pack-obd-nola-fun-bleu.html,https://boutique.orange.ma/media/catalog/product/cache/2765542505660baab28ecd555e27366e/a/1/a1-o__paris_blue__perspective_pics_v3.0_20201104_1.png,orange
NOLA FUN Noir + Carte SIM,499,https://boutique.orange.ma/fr/pack-obd-nola-fun-noir.html,https://boutique.orange.ma/media/catalog/product/cache/2765542505660baab28ecd555e27366e/a/1/a1-o_sapphire_black_perspective_pics_v3.0_20201104_1.png,orange
Samsung Galaxy A02 Noir 32Go,999,https://boutique.orange.ma/fr/samsung-galaxy-a02-noir-32go.html,https://boutique.orange.ma/media/catalog/product/cache/2765542505660baab28ecd555e27366e/s/a/samsung-galaxy-a02.jpg,orange
Xiaomi Redmi 9A Gris Granite,1199,https://boutique.orange.ma/fr/xiaomi-redmi-9a-gris-granite.html,https://boutique.orange.ma/media/catalog/product/cache/2765542505660baab28ecd555e27366e/x/i/xiaomi-redmi-9a-6-53-2go-32go-gris.jpg,orange
Infinix Hot 10 Lite Noir Midnight,1220,https://boutique.orange.ma/fr/infinix-hot-10-lite-noir-midnight.html,https://boutique.orange.ma/media/catalog/product/cache/2765542505660baab28ecd555e27366e/4/_/4_1_2.jpg,orange
Xiaomi Redmi 9C Noir,1399,https://boutique.orange.ma/fr/xiaomi-redmi-9c-noir.html,https://boutique.orange.ma/media/catalog/product/cache/2765542505660baab28ecd555e27366e/x/i/xiaomi-redmi-9c-6-53-pouces-media-tek-helio-g35-2.3ghz-octa-core-triple-camera-13mp-batterie-de-5000mah-version-globale-smartphone-4g.jpg,orange
Samsung Galaxy A02s Noir 64Go,1490,https://boutique.orange.ma/fr/samsung-galaxy-a02s-noir-64go.html,https://boutique.orange.ma/media/catalog/product/cache/2765542505660baab28ecd555e27366e/s/m/sm_a025_global_galaxy_a02s_blue_front_1.png,orange
Samsung Galaxy A12 Noir,1749,https://boutique.orange.ma/fr/samsung-galaxy-a12-noir.html,https://boutique.orange.ma/media/catalog/product/cache/2765542505660baab28ecd555e27366e/s/m/sm_a125_galaxy_a12_black_front.png,orange
Xiaomi Redmi 9T Noir,1799,https://boutique.orange.ma/fr/xiaomi-redmi-9t-noir.html,https://boutique.orange.ma/media/catalog/product/cache/2765542505660baab28ecd555e27366e/t/e/telephone-portable-xiaomi-redmi-9t-4g-gris-carbone.jpg,orange
Oppo A53 noir,1899,https://boutique.orange.ma/fr/oppo-a53-noir.html,https://boutique.orange.ma/media/catalog/product/cache/2765542505660baab28ecd555e27366e/f/r/front.jpg,orange
Samsung Galaxy A20s Noir,1990,https://boutique.orange.ma/fr/samsung-a20s-noir.html,https://boutique.orange.ma/media/catalog/product/cache/2765542505660baab28ecd555e27366e/s/a/samsung-a20s-noir.png,orange
Samsung Galaxy A30s Noir,2390,https://boutique.orange.ma/fr/samsung-galaxy-a30s-noir.html,https://boutique.orange.ma/media/catalog/product/cache/2765542505660baab28ecd555e27366e/s/a/samsung-galaxy-a30s-128go-4go-ram-noir.jpg,orange
Xiaomi Redmi Note 10 Noir,2399,https://boutique.orange.ma/fr/xiaomi-note-10-noir.html,https://boutique.orange.ma/media/catalog/product/cache/2765542505660baab28ecd555e27366e/x/i/xiaomi_redmi_note_10_pro_1.jpg,orange
Oppo A73 Bleu,2599,https://boutique.orange.ma/fr/oppo-a73-bleu.html,https://boutique.orange.ma/media/catalog/product/cache/2765542505660baab28ecd555e27366e/f/a/face_45_b.jpg,orange
Xiaomi Redmi Note 10S Noir,2599,https://boutique.orange.ma/fr/xiaomi-redmi-note-10s.html,https://boutique.orange.ma/media/catalog/product/cache/2765542505660baab28ecd555e27366e/k/7/k7b-black-__5.png,orange
Samsung Galaxy A32 Noir,2749,https://boutique.orange.ma/fr/samsung-galaxy-a32-noir.html,https://boutique.orange.ma/media/catalog/product/cache/2765542505660baab28ecd555e27366e/s/m/sm_a325_galaxya32_awesome_black_back_1.png,orange
Xiaomi Redmi Note 10 Pro Noir,3199,https://boutique.orange.ma/fr/xiaomi-note-10-pro-noir.html,https://boutique.orange.ma/media/catalog/product/cache/2765542505660baab28ecd555e27366e/x/i/xiaomi_redmi_note_10_pro.jpg,orange
Xiaomi Mi 11 LITE Noir,3399,https://boutique.orange.ma/fr/xiaomi-mi-11-lite-noir.html,https://boutique.orange.ma/media/catalog/product/cache/2765542505660baab28ecd555e27366e/b/l/black_1.png,orange
Samsung Galaxy A52 Noir,3490,https://boutique.orange.ma/fr/samsung-galaxy-a52-noir.html,https://boutique.orange.ma/media/catalog/product/cache/2765542505660baab28ecd555e27366e/0/0/001_galaxya52_awesome_black_back.jpg,orange
Oppo Reno 4 noir,3899,https://boutique.orange.ma/fr/oppo-reno4-noir.html,https://boutique.orange.ma/media/catalog/product/cache/2765542505660baab28ecd555e27366e/b/l/black_front.jpg,orange
Samsung Galaxy A72 Noir,4749,https://boutique.orange.ma/fr/samsung-galaxy-a72-noir.html,https://boutique.orange.ma/media/catalog/product/cache/2765542505660baab28ecd555e27366e/0/0/001_galaxya72_awesome_black_back_1.jpg,orange
Samsung Galaxy S10 128 Go blanc,8990,https://boutique.orange.ma/fr/samsung-galaxy-s10-128-go-white.html,https://boutique.orange.ma/media/catalog/product/cache/2765542505660baab28ecd555e27366e/s/a/samsung_galaxy_s10-white.jpg,orange
Samsung Galaxy S10 128 Go Noir,8990,https://boutique.orange.ma/fr/samsung-galaxy-s10-128-go-black.html,https://boutique.orange.ma/media/catalog/product/cache/2765542505660baab28ecd555e27366e/s/a/samsung_galaxy_s10-black.jpg,orange
Samsung Galaxy Note 20 Mystic Green 256Go,9990,https://boutique.orange.ma/fr/samsung-galaxy-note20-mystic-green-256go.html,https://boutique.orange.ma/media/catalog/product/cache/2765542505660baab28ecd555e27366e/m/o/model-gr-backnote20.png,orange
Samsung Galaxy Note 20 Mystic Grey 256Go,9990,https://boutique.orange.ma/fr/samsung-galaxy-note20-mystic-grey-256go.html,https://boutique.orange.ma/media/catalog/product/cache/2765542505660baab28ecd555e27366e/m/o/model-gy-backnote20.png,orange
Samsung Galaxy S10+ 128 Go Noir,9990,https://boutique.orange.ma/fr/samsung-galaxy-s10-black.html,https://boutique.orange.ma/media/catalog/product/cache/2765542505660baab28ecd555e27366e/s/a/samsung_galaxy_s10-plus-black.jpg,orange
Samsung Galaxy S10+ 128 Go Vert,9990,https://boutique.orange.ma/fr/samsung-galaxy-s10-green.html,https://boutique.orange.ma/media/catalog/product/cache/2765542505660baab28ecd555e27366e/s/a/samsung_galaxy_s10-plus-green.jpg,orange
Samsung Galaxy Z Flip3,9990,https://boutique.orange.ma/fr/samsung-galaxy-z-flipp3.html,https://boutique.orange.ma/media/catalog/product/cache/2765542505660baab28ecd555e27366e/0/5/05_galaxyzflip3_5g_cream_l30_table_top_1_2.jpg,orange
Samsung Note 10 Argent stellaire,9990,https://boutique.orange.ma/fr/samsung-note-10-argent-stellaire.html,https://boutique.orange.ma/media/catalog/product/cache/2765542505660baab28ecd555e27366e/n/o/note-10-back_2.jpg,orange
Samsung Note 10 Noir,9990,https://boutique.orange.ma/fr/samsung-note-10-noir.html,https://boutique.orange.ma/media/catalog/product/cache/2765542505660baab28ecd555e27366e/n/o/note-10-black_1.jpg,orange
iPhone 12 mini Bleu 128Go + EarPods et Apple Adapteur USB-C 20W,10599,https://boutique.orange.ma/fr/iphone-12-mini-bleu-128go-earpods-et-apple-adapteur-usb-c-20w.html,https://boutique.orange.ma/media/catalog/product/cache/2765542505660baab28ecd555e27366e/i/p/iphone_12_blue_pdp_image_position-2__en-us_3_1.jpg,orange
iPhone 12 mini Vert 128Go + EarPods et Apple Adapteur USB-C 20W,10599,https://boutique.orange.ma/fr/iphone-12-mini-vert-128go-earpods-et-apple-adapteur-usb-c-20w.html,https://boutique.orange.ma/media/catalog/product/cache/2765542505660baab28ecd555e27366e/i/p/iphone_12_green_pdp_image_position-2__en-us_2_1.jpg,orange
Samsung Galaxy S20+ Bleu,10990,https://boutique.orange.ma/fr/samsung-s20-plus-bleu.html,https://boutique.orange.ma/media/catalog/product/cache/2765542505660baab28ecd555e27366e/s/a/samsung-galaxy-s20bleu.jpg,orange
Samsung Galaxy S20+ Gris,10990,https://boutique.orange.ma/fr/samsung-s20-plus-gris.html,https://boutique.orange.ma/media/catalog/product/cache/2765542505660baab28ecd555e27366e/s/m/sm-g985_g986_s20__back_cosmic_gray.jpg,orange
Samsung Galaxy S20+ Noir,10990,https://boutique.orange.ma/fr/samsung-s20-plus-noir.html,https://boutique.orange.ma/media/catalog/product/cache/2765542505660baab28ecd555e27366e/s/m/sm-g985_g986_s20__back_cosmic_black.jpg,orange
iPhone 13,11149,https://boutique.orange.ma/fr/iphone13.html,https://boutique.orange.ma/media/catalog/product/cache/2765542505660baab28ecd555e27366e/i/p/iphone_13_blue_pdp_image_position-1a__wwen_2.jpg,orange
iPhone 12 Bleu Pacifique 64Go + EarPods et Apple Adapteur USB-C 20W,11390,https://boutique.orange.ma/fr/iphone-12-bleu-pacifique-64go-earpods-et-apple-adapteur-usb-c-20w.html,https://boutique.orange.ma/media/catalog/product/cache/2765542505660baab28ecd555e27366e/i/p/iphone_12_blue_pdp_image_position-2__en-us_1_1_1_1_1.jpg,orange
iPhone 12 Noir 64Go + EarPods et Apple Adapteur USB-C 20W,11390,https://boutique.orange.ma/fr/iphone-12-noir-64go-earpods-et-apple-adapteur-usb-c-20w.html,https://boutique.orange.ma/media/catalog/product/cache/2765542505660baab28ecd555e27366e/i/p/iphone_12_pdp_image_position-2__en-us_1_1_1_1.jpg,orange
Samsung Note 10 Plus Argent stellaire,11490,https://boutique.orange.ma/fr/samsung-note-10-plus-argent-stellaire.html,https://boutique.orange.ma/media/catalog/product/cache/2765542505660baab28ecd555e27366e/m/o/model-g-backnote10plus.png,orange
Samsung Note 10 Plus Noir,11490,https://boutique.orange.ma/fr/samsung-note-10-plus-noir.html,https://boutique.orange.ma/media/catalog/product/cache/2765542505660baab28ecd555e27366e/m/o/model-b-backnote10plus.png,orange
iPhone XR 256 Gb Rouge,12990,https://boutique.orange.ma/fr/iphone-xr-256-gb-rouge.html,https://boutique.orange.ma/media/catalog/product/cache/2765542505660baab28ecd555e27366e/i/p/iphone-xr-rouge-recto-verso-.jpg,orange
Samsung Galaxy Note 20 Ultra Mystic Black 256Go,12990,https://boutique.orange.ma/fr/samsung-galaxy-note20-ultra-mystic-black-256go.html,https://boutique.orange.ma/media/catalog/product/cache/2765542505660baab28ecd555e27366e/m/o/model-bk-backnote20ultra.png,orange
Samsung Galaxy Note 20 Ultra Mystic Bronze 256Go,12990,https://boutique.orange.ma/fr/samsung-galaxy-note20-ultra-mystic-bronze-256go.html,https://boutique.orange.ma/media/catalog/product/cache/2765542505660baab28ecd555e27366e/m/o/model-br-backnote20ultra.png,orange
iPhone 12 Bleu Pacifique 256Go + EarPods et Apple Adapteur USB-C 20W,13459,https://boutique.orange.ma/fr/iphone-12-bleu-pacifique-256go-earpods-et-apple-adapteur-usb-c-20w.html,https://boutique.orange.ma/media/catalog/product/cache/2765542505660baab28ecd555e27366e/i/p/iphone_12_blue_pdp_image_position-2__en-us_1_1_1_1.jpg,orange
Samsung Galaxy S21 Ultra,13490,https://boutique.orange.ma/fr/samsung-galaxy-s21-ultra.html,https://boutique.orange.ma/media/catalog/product/cache/2765542505660baab28ecd555e27366e/b/a/back1.png,orange
Samsung S20 Ultra Noir,13490,https://boutique.orange.ma/fr/samsung-s20-ultra-noir.html,https://boutique.orange.ma/media/catalog/product/cache/2765542505660baab28ecd555e27366e/s/a/samsung-s20-ultra-noir.png,orange
iPhone 13 Pro,14190,https://boutique.orange.ma/fr/iphone13pro.html,https://boutique.orange.ma/media/catalog/product/cache/2765542505660baab28ecd555e27366e/i/p/iphone_13_pro_sierra_blue_pdp_image_position-1a__wwen_2.jpg,orange
iPhone 12 Pro Or 128Go + EarPods et Apple Adapteur USB-C 20W,14290,https://boutique.orange.ma/fr/iphone-12-pro-or-128go-earpods-et-apple-adapteur-usb-c-20w.html,https://boutique.orange.ma/media/catalog/product/cache/2765542505660baab28ecd555e27366e/i/p/iphone_12_pro_gold_pdp_image_position-2__en-us_3_1_1.jpg,orange
iPhone XS 64Gb Or,14690,https://boutique.orange.ma/fr/iphone-xs-64-gb-or.html,https://boutique.orange.ma/media/catalog/product/cache/2765542505660baab28ecd555e27366e/a/p/apple-iphonexsmax-gold-1-3x.jpg,orange
iPhone 11 Pro 64 Gb Argent + EarPods et Apple Adapteur USB-C 20W,14990,https://boutique.orange.ma/fr/iphone-11-pro-64-gb-argent-earpods-et-apple-adapteur-usb-c-20w.html,https://boutique.orange.ma/media/catalog/product/cache/2765542505660baab28ecd555e27366e/i/p/iphone-11-pro-silver_1_1_1.png,orange
iPhone 11 Pro 64 Gb Or + EarPods et Apple Adapteur USB-C 20W,14990,https://boutique.orange.ma/fr/iphone-11-pro-64-gb-or-earpods-et-apple-adapteur-usb-c-20w.html,https://boutique.orange.ma/media/catalog/product/cache/2765542505660baab28ecd555e27366e/i/p/iphone-11-pro-gold_1_3.png,orange
iPhone 11 Pro 64 Gb Vert Nuit + EarPods et Apple Adapteur USB-C 20W,14990,https://boutique.orange.ma/fr/iphone-11-pro-64-gb-vert-nuit-earpods-et-apple-adapteur-usb-c-20w.html,https://boutique.orange.ma/media/catalog/product/cache/2765542505660baab28ecd555e27366e/i/p/iphone-11-pro-vert-nuit_3.png,orange
iPhone 13 pro max,15390,https://boutique.orange.ma/fr/iphone-13-promax.html,https://boutique.orange.ma/media/catalog/product/cache/2765542505660baab28ecd555e27366e/i/p/iphone_13_pro_max_sierra_blue_pdp_image_position-1a__wwen_2.jpg,orange
iPhone XS Max 256 Gb Gris,16200,https://boutique.orange.ma/fr/iphone-xs-max-256-gb-gris.html,https://boutique.orange.ma/media/catalog/product/cache/2765542505660baab28ecd555e27366e/i/p/iphone_xs_max_gris_recto_verso_1_2.jpg,orange
iPhone 11 Pro Max 64 Gb Argent + EarPods et Apple Adapteur USB-C 20W,16490,https://boutique.orange.ma/fr/iphone-11-pro-max-64-gb-argent-earpods-et-apple-adapteur-usb-c-20w.html,https://boutique.orange.ma/media/catalog/product/cache/2765542505660baab28ecd555e27366e/i/p/iphone-11-pro-silver_1_1_1_3.png,orange
iPhone 11 Pro Max 64 Gb Vert Nuit + EarPods et Apple Adapteur USB-C 20W,16490,https://boutique.orange.ma/fr/iphone-11-pro-max-64-gb-vert-nuit-earpods-et-apple-adapteur-usb-c-20w.html,https://boutique.orange.ma/media/catalog/product/cache/2765542505660baab28ecd555e27366e/a/p/apple-iphone-11-pro-max-256gb-midnight-green_2.jpg,orange
iPhone XS 256 Go Or,16690,https://boutique.orange.ma/fr/iphone-xs-256-gb-or.html,https://boutique.orange.ma/media/catalog/product/cache/2765542505660baab28ecd555e27366e/a/p/apple-iphonexsmax-gold-1-3x_1.jpg,orange
Samsung Galaxy Z Fold3,17490,https://boutique.orange.ma/fr/samsung-galaxy-z.html,https://boutique.orange.ma/media/catalog/product/cache/2765542505660baab28ecd555e27366e/0/4/04_galaxyzfold3_5g_phantomblack_front115_1.jpg,orange
iPhone XS 512 Gb Gris,19490,https://boutique.orange.ma/fr/iphone-xs-512-gb-gris.html,https://boutique.orange.ma/media/catalog/product/cache/2765542505660baab28ecd555e27366e/i/p/iphone-xs-gris-recto-verso_1.jpg,orange
iPhone XS 512 Gb Or,19490,https://boutique.orange.ma/fr/iphone-xs-512-or.html,https://boutique.orange.ma/media/catalog/product/cache/2765542505660baab28ecd555e27366e/i/p/iphone_xs_max_or_recto_verso.jpg,orange
iPhone XS 512 Go Argent,19490,https://boutique.orange.ma/fr/iphone-xs-512-gb-argent.html,https://boutique.orange.ma/media/catalog/product/cache/2765542505660baab28ecd555e27366e/i/p/iphone-xs-argent-recto-verso_1.jpg,orange
iPhone XS Max 512 Gb Argent,20890,https://boutique.orange.ma/fr/iphone-xs-max-512-gb-argent.html,https://boutique.orange.ma/media/catalog/product/cache/2765542505660baab28ecd555e27366e/i/p/iphone_xs_max_silver_1.png,orange
iPhone XS Max 512 Gb Gris,20890,https://boutique.orange.ma/fr/iphone-xs-max-512-gb-gris.html,https://boutique.orange.ma/media/catalog/product/cache/2765542505660baab28ecd555e27366e/i/p/iphone_xs_max_gris_recto_verso_1_1.jpg,orange
